
{
    "subject":"CSE",
    "number":"220",
    "semester":"Fall",
    "year":"2018",
    "title":"Computer Science IIp",
    "logos":{
        "favicon":{
            "href":"./images/tw11.jpg"
        },
        "navbar":{
            "src":"./images/tw11.jpg"
        },
        "bottom_left":{
            "src":"./images/LoadImage.png"
        },
        "bottom_right":{
            "src":"./images/LoadImage.png"
        }
    },
    "instructor":{
        "name":"Richard McKenna",
        "link":"http://www.cs.stonybrook.edu/~richard",
        "email":"richard@cs.stonybrook.edu",
        "room":"New CS 216",
        "photo":"./images/RichardMcKenna.jpg",
        "hours":[
            {
                "day":"Tuesday",
                "time":"1:00pm-2:10pm"
            },
            {
                "day":"Wednesday",
                "time":"2pm-3pm"
            },
            {
                "day":"Thursday",
                "time":"1:00pm-2:20pm"
            }
        ]
    },
    "pages":[
        {
            "name":"Home",
            "link":"index.html"
        },
        {
            "name":"Syllabus",
            "link":"syllabus.html"
        },
        {
            "name":"Schedule",
            "link":"schedule.html"
        },
        {
            "name":"HWs",
            "link":"hws.html"
        }
    ]
}