<?xml version="1.0" encoding="UTF-8"?>
<!--
    This XML file allows us to easily customize the look and language used
    in our program's user interface. Note that this properties file is only
    for the standard controls for an app from the Desktop Java Framework, so
    it would not include things initialized for the workspace, which is
    customizable.
-->
<properties>
    <property_list>        
        <!-- DESKTOP JAVA FRAMEWORK CONTROLS SETTINGS -->
        <property name="APP_TITLE"	    value="Course Site Generator"></property>
        <property name="APP_BANNER"         value="CSGWelcomeBanner.png"></property>
	<property name="APP_LOGO"	    value="CSGLogo.png"></property>
        <property name="APP_EXPORT_PAGE"    value="Help.html"></property>
        <property name="APP_HELP_PAGE"      value="Help.html"></property>
        <property name="APP_ABOUT_PAGE"     value="About.html"></property>
	<property name="APP_CSS"	    value="csg_style.css"></property>
        <property name="APP_PATH_CSS"	    value="workspace/style/"></property>
        <property name="APP_PATH_EXPORT"    value="./export/"></property>
        <property name="APP_PATH_ICONS"     value="./images/icons/"></property>
        <property name="APP_PATH_IMAGES"    value="./images/"></property>
        <property name="APP_PATH_WEB"       value="./app_data/web/"></property>
        <property name="PREF_WIDTH"         value="800"></property>
        <property name="PREF_HEIGHT"        value="600"></property>
        <property name="START_MAXIMIZED"    value="true"></property>

        <!-- TOP TOOLBARS AND CONTROLS TO INCLUDE -->
        <property name="HAS_WELCOME_DIALOG"     value="true"></property>
        <property name="HAS_TOP_TOOLBAR"        value="true"></property>        
        <property name="HAS_FILE_TOOLBAR"       value="true"></property>
        <property name="HAS_NEW"                value="true"></property>
        <property name="HAS_LOAD"               value="true"></property>
        <property name="HAS_CLOSE"              value="true"></property>
        <property name="HAS_SAVE"               value="true"></property>
        <property name="HAS_SAVE_AS"            value="false"></property>
        <property name="HAS_EXPORT"             value="true"></property>
        <property name="HAS_EXIT"               value="true"></property>
        <property name="HAS_CLIPBOARD_TOOLBAR"  value="false"></property>
        <property name="HAS_UNDO_TOOLBAR"       value="true"></property>
        <property name="HAS_HELP_TOOLBAR"       value="true"></property>
        <property name="HAS_HELP"               value="true"></property>
        <property name="HAS_LANGUAGE"           value="true"></property>
        <property name="HAS_ABOUT"              value="true"></property>

        <!-- PROGRAM ICON FILES - FILE TOOLBAR -->        
        <property name="NEW_BUTTON_ICON"        value="New.png"></property>
        <property name="LOAD_BUTTON_ICON"       value="Load.png"></property>
        <property name="CLOSE_BUTTON_ICON"      value="Close.png"></property>
        <property name="SAVE_BUTTON_ICON"       value="Save.png"></property>
        <property name="EXIT_BUTTON_ICON"       value="Exit.png"></property>
        <property name="EXPORT_BUTTON_ICON"       value="Export.png"></property>


        <!-- PROGRAM ICON FILES - UNDO/REDO TOOLBAR -->        
        <property name="UNDO_BUTTON_ICON"       value="Undo.png"></property>
        <property name="REDO_BUTTON_ICON"       value="Redo.png"></property>
        
        <!-- PROGRAM ICON FILES - FILE TOOLBAR -->        
        <property name="LANGUAGE_BUTTON_ICON"   value="Language.png"></property>
        <property name="HELP_BUTTON_ICON"       value="Help.png"></property>
        <property name="ABOUT_BUTTON_ICON"       value="About.png"></property>
        <!-- OH BUTTONS TOOLBAR -->
        
        <!-- THIS IS THE FILE WE'LL USE TO MAKE OUR EXPORTED WEB FILE -->

        <!-- ENGLISH IS THE DEFAULT -->
        <property name="DEFAULT_LANGUAGE"               value="English"></property>
        <property name="ENGLISH_ABBREVIATION"           value="EN"></property>
        
        <!-- Add Chinese to XML-->
        <property name="SECOND_LANGUAGE" value="Chinese"></property>
        <property name="CHINESE_ABBREVIATION" value = "CN"></property>

    </property_list>
    <property_options_list>
        <property_options name="LANGUAGE_OPTIONS">
            <option>English</option>
            <option>Chinese</option>
        </property_options>
    </property_options_list>
</properties>