<?xml version="1.0" encoding="UTF-8"?>
<!--
    This XML file provides all the text to be used when the application
    is to be displayed in English.
-->
<properties>
    <property_list>

        <!-- ENGLISH LANGUAGE SETTINGS FOR DESKTOP JAVA FRAMEWORK CONTROLS -->

        <!-- WELCOME DIALOG TEXT -->
        <property name="WELCOME_DIALOG_TITLE"               value="Welcome to Couse Site Generator"></property>
        <property name="WELCOME_DIALOG_RECENT_WORK_LABEL"   value="Recent Work"></property>
        <property name="WELCOME_DIALOG_NEW_BUTTON_TEXT"  value="Create New Course Site "></property>

        <!-- GENERIC APP ERROR MESSAGES -->
        <property name="APP_ERROR_TITLE"            value="Application Error"></property>
        <property name="APP_ERROR_CONTENT"          value="An Error Occured in the Application"></property>

        <!-- PROPERTIES ERROR MESSAGES -->
        <property name="PROPERTIES_ERROR_TITLE"     value="Properties File Error"></property>
        <property name="PROPERTIES_ERROR_CONTENT"   value="There was an Error Loading a Properties File"></property>

        <!-- FILE TOOLBAR TOOLTIPS -->
        <property name="NEW_BUTTON_TOOLTIP"         value="New Course Site"></property>
        <property name="LOAD_BUTTON_TOOLTIP"        value="Load Course Site"></property>
        <property name="CLOSE_BUTTON_TOOLTIP"       value="Close Course Site"></property>
        <property name="SAVE_BUTTON_TOOLTIP"        value="Save Course Site"></property>
        <property name="EXPORT_BUTTON_TOOLTIP"      value="Export Course Site"></property>
        <property name="EXIT_BUTTON_TOOLTIP"        value="Exit"></property>
        <property name="EXPORT_BUTTON_TOOLTIP"        value="Export"></property>

        <!-- CLIPBOARD TOOLBAR TOOLTIPS -->
        <property name="CUT_BUTTON_TOOLTIP"         value="Cut"></property>
        <property name="COPY_BUTTON_TOOLTIP"        value="Copy"></property>
        <property name="PASTE_BUTTON_TOOLTIP"       value="Paste"></property>

        <!-- UNDO TOOLBAR TOOLTIPS -->
        <property name="UNDO_BUTTON_TOOLTIP"        value="Undo"></property>
        <property name="REDO_BUTTON_TOOLTIP"        value="Redo"></property>

        <!-- HELP TOOLBAR TOOLTIPS -->
        <property name="HELP_BUTTON_TOOLTIP"        value="Help"></property>
        <property name="LANGUAGE_BUTTON_TOOLTIP"    value="Change Langauge"></property>
        <property name="ABOUT_BUTTON_TOOLTIP"       value="About"></property>

        <!-- NEW FEEDBACK DIALOGS -->	
        <property name="NEW_SUCCESS_TITLE"      value="New Complete"></property>
        <property name="NEW_SUCCESS_CONTENT"	value="Work Created but not yet Saved"></property>
        <property name="NEW_ERROR_TITLE"        value="Warning: Error"></property>
        <property name="NEW_ERROR_CONTENT"      value="An error occured creating New work."></property>

        <!-- LOAD FEEDBACK DIALOGS -->
        <property name="LOAD_WORK_TITLE"        value="Load Work"></property>
        <property name="LOAD_SUCCESS_TITLE"     value="Load Complete"></property>
        <property name="LOAD_SUCCESS_CONTENT"   value="The File has Loaded Successfully and can now be edited."></property>
        <property name="LOAD_ERROR_TITLE"       value="Loading Error"></property>        
        <property name="LOAD_ERROR_CONTENT"     value="Loading has Failed. Likely there is a File Formating problem."></property>

        <!-- SAVE FEEDBACK DIALOGS -->
        <property name="SAVE_WORK_TITLE"        value="Save Work"></property>
        <property name="SAVE_SUCCESS_TITLE"     value="Save Complete"></property>
        <property name="SAVE_SUCCESS_CONTENT"   value="The file is saved."></property>
        <property name="SAVE_ERROR_TITLE"       value="Save Error"></property>
        <property name="SAVE_ERROR_CONTENT"     value="Saving has Failed. Likely due to a file access problem."></property>
        <property name="SAVE_VERIFY_TITLE"	value="Save unsaved work?"></property>
        <property name="SAVE_VERIFY_CONTENT"	value="Would you like to save your unsaved work first?"></property>

        <!-- ABOUT DIALOG -->
        <property name="ABOUT_TITLE"            value="About OH"></property>
        <property name="ABOUT_CONTENT"          value="OH, the Office Hours Manager - Debugging Enterprises - © 2018"></property>


        <!-- ENGLISH LANGUAGE SETTINGS SPECIFICALLY FOR TDLM CONTROLS -->

        <!-- LANGUAGE-DEPENDENT TEXT FOR OH WORKSPACE CONTROLS -->
        <property name="CSG_SITE_TEXT" value = "Site"></property>
        <property name="CSG_SYLLABUS_TEXT" value = "Syllabus"></property>
        <property name="CSG_MEETING_TEXT" value = "Meeting Times"></property>
        <property name="CSG_OH_TEXT" value = "Office Hours"></property>
        <property name="CSG_SCHEDULE_TEXT" value = "Schedule"></property>
        <!-- SITE TAB VARIABLES -->
        <property name="SITE_BANNER_TEXT" value = "Banner"></property>
        <property name="SITE_SUBJECT_TEXT" value = "Subject:"></property>
        <property name="SITE_YEAR_TEXT" value = "Year:"></property>
        <property name="SITE_SEMESTER_TEXT" value = "Semester:"></property>
        <property name="SITE_NUMBER_TEXT" value = "Number:"></property>
        <property name="SITE_TITLE_TEXT" value = "Title:"></property>
        <property name="SITE_EXPORT_TEXT" value = "Export Dir:"></property>
        <property name="SITE_EXPORT_DIR_TEXT" value = "./export/subject_number_semester_year/public_html"></property>
        <property name="SITE_PAGE_TEXT" value = "Page"></property>
        <property name="SITE_HOME_TEXT" value = "Home"></property>
        <property name="SITE_SYLLABUS_TEXT" value = "Syllabus"></property>
        <property name="SITE_SCHEDULE_TEXT" value = "Schedule"></property>
        <property name="SITE_HWS_TEXT" value = "HWs"></property>
        <property name="SITE_STYLE_TEXT" value = "Style"></property>
        <property name="SITE_FAVICON_TEXT" value = "Favicon"></property>
        <property name="SITE_NAVBAR_TEXT" value = "Navbar Image"></property>
        <property name="SITE_LEFT_FOOTER_TEXT" value = "Left Footer Image"></property>
        <property name="SITE_RIGHT_FOOTER_TEXT" value = "Right Footer Image"></property>
        <property name="SITE_CSS_TEXT" value = "Font and Color Style Sheet:"></property>
        <property name="SITE_NOTE_TEXT" value = "Note: Stylesheets should be placed inside work/css to be selectable."></property>
        <property name="SITE_INSTRUCTOR_TEXT" value = "Instructor"></property>
        <property name="SITE_INSTRUCTOR_NAME_TEXT" value = "Name:"></property>
        <property name="SITE_INSTRUCTOR_ROOM_TEXT" value = "Room:"></property>
        <property name="SITE_INSTRUCTOR_EMAIL_TEXT" value = "Email:"></property>
        <property name="SITE_INSTRUCTOR_HOMEPAGE_TEXT" value = "Home Page:"></property>
        <property name="SITE_INSTRUCTOR_OH_TEXT" value = "Office Hours "></property>
        <property name="SITE_FAVICON_IMG_ICON" value = "./images/LoadImage.png"></property>
        <property name="SITE_NAVBAR_IMG_ICON" value = "./images/LoadImage.png"></property>
        <property name="SITE_LEFT_FOOTER_IMG_ICON" value = "./images/LoadImage.png"></property>
        <property name="SITE_RIGHT_FOOTER_IMG_ICON" value = "./images/LoadImage.png"></property>
        
        <!-- MEETING TIME VARIABLES -->
        <property name="MT_ADD_LECTURE_BUTTON_TEXT" value = "+"></property>
        <property name="MT_REMOVE_LECTURE_BUTTON_TEXT" value = "-"></property>
        <property name="MT_LECTURE_LABEL_TEXT" value = "Lectures"></property>
        <property name="MT_LECTURE_SECTION_COLUMN_TEXT" value = "Section"></property>
        <property name="MT_LECTURE_DAYS_COLUMN_TEXT" value = "Days"></property>
        <property name="MT_LECTURE_TIME_COLUMN_TEXT" value = "Times"></property>
        <property name="MT_LECTURE_ROOM_COLUMN_TEXT" value = "Room"></property>
        
        <property name="MT_ADD_RECITATION_BUTTON_TEXT" value = "+"></property>
        <property name="MT_REMOVE_RECITATION_BUTTON_TEXT" value = "-"></property>
        <property name="MT_RECITATION_LABEL_TEXT" value = "Recitation"></property>
        <property name="MT_RECITATION_SECTION_COLUMN_TEXT" value = "Section"></property>
        <property name="MT_RECITATION_DAYSTIME_COLUMN_TEXT" value = "Days and Time"></property>
        <property name="MT_RECITATION_ROOM_COLUMN_TEXT" value = "Room"></property>
        <property name="MT_RECITATION_TA1_COLUMN_TEXT" value = "TA1"></property>
        <property name="MT_RECITATION_TA2_COLUMN_TEXT" value = "TA2"></property>
        
        <property name="MT_ADD_LAB_BUTTON_TEXT" value = "+"></property>
        <property name="MT_REMOVE_LAB_BUTTON_TEXT" value = "-"></property>
        <property name="MT_LAB_LABEL_TEXT" value = "Lab"></property>
        <property name="MT_LAB_SECTION_COLUMN_TEXT" value = "Section"></property>
        <property name="MT_LAB_DAYSTIME_COLUMN_TEXT" value = "Days and Time"></property>
        <property name="MT_LAB_ROOM_COLUMN_TEXT" value = "Room"></property>
        <property name="MT_LAB_TA1_COLUMN_TEXT" value = "TA1"></property>
        <property name="MT_LAB_TA2_COLUMN_TEXT" value = "TA2"></property>
        
        
        <!-- OFFICE HOURS TAB VARIABLES -->
        <property name="OH_TAS_HEADER_LABEL_TEXT"           value="TAs"></property>
        <property name="OH_ADD_TA_BUTTON_TEXT"              value="Add TA"></property>
        <property name="OH_REMOVE_TA_BUTTON_TEXT"              value="-"></property>
        <property name="OH_OFFICE_HOURS_HEADER_LABEL_TEXT"  value="Office Hours"></property>
        <property name="OH_NAME_TABLE_COLUMN_TEXT"          value="Name"></property>
        <property name="OH_EMAIL_TABLE_COLUMN_TEXT"         value="Email"></property>
        <property name="OH_SLOTS_TABLE_COLUMN_TEXT"         value="Time Slots"></property>
        <property name="OH_TYPE_TABLE_COLUMN_TEXT"          value="Type"></property>
        <property name="OH_START_TIME_LABLE_TEXT"    value="Start Time"></property>
        <property name="OH_END_TIME_LABLE_TEXT"    value="End Time"></property>
        <property name="OH_START_TIME_TABLE_COLUMN_TEXT"    value="Start Time"></property>
        <property name="OH_END_TIME_TABLE_COLUMN_TEXT"      value="End Time"></property>
        <property name="OH_MONDAY_TABLE_COLUMN_TEXT"        value="Monday"></property>
        <property name="OH_TUESDAY_TABLE_COLUMN_TEXT"       value="Tuesday"></property>
        <property name="OH_WEDNESDAY_TABLE_COLUMN_TEXT"     value="Wednesday"></property>
        <property name="OH_THURSDAY_TABLE_COLUMN_TEXT"      value="Thursday"></property>
        <property name="OH_FRIDAY_TABLE_COLUMN_TEXT"        value="Friday"></property>
        <property name="OH_EMAIL_ERROR_TEXT"                value="Invalid Email Address!"></property>
        <property name="OH_NAME_TEXT_FIELD_TEXT"            value="NAME"></property>
        <property name="OH_EMAIL_TEXT_FIELD_TEXT"           value="EMAIL"></property>
        <property name="OH_NAME_ERROR_TEXT"                 value="Invalid Name Input!"></property>
        <property name="OH_TOGGLE_UNDERGRADUATE_TEXT"              value="Undergraduate"></property>
        <property name="OH_TOGGLE_GRADUATE_TEXT"              value="Graduate"></property>
        <property name="OH_TOGGLE_ALL_TEXT"              value="All"></property>
        <property name="OH_EDIT_TA_TITLE"                value="Editing TA"></property>
        <property name="OH_EDIT_TA_TEXT"                 value="Edit TA"></property>
        <property name="OH_EDIT_TA_TYPE"                 value="Type"></property>

        <!-- SYLLABUS TAB -->
        <property name="SY_DESCRIPTION_TITLED_PANE_TEXT"                 value="Description:"></property>
        <property name="SY_TOPIC_TITLED_PANE_TEXT"                 value="Topics:"></property>
        <property name="SY_PREREQUIREMENT_TITLED_PANE_TEXT"                 value="Prerequisites:"></property>
        <property name="SY_OUTCOMES_TITLED_PANE_TEXT"                 value="Outcomes:"></property>
        <property name="SY_TEXTBOOK_TITLED_PANE_TEXT"                 value="Textbooks:"></property>
        <property name="SY_GRADED_TITLED_PANE_TEXT"                 value="Graded Components:"></property>
        <property name="SY_GRADING_TITLED_PANE_TEXT"                 value="Grading Note:"></property>
        <property name="SY_ACADEMIC_TITLED_PANE_TEXT"                 value="Academic Dishoneesty:"></property>
        <property name="SY_SPECIAL_TITLED_PANE_TEXT"                 value="Special Assistance:"></property>
        
        <!-- SCHEDULE TAB VARIABLES -->
    
        <property name="SC_CALENDAR_LABEL_TEXT"                 value="Calendar Boundaries"></property>
        <property name="SC_START_DATE_LABEL_TEXT"                 value="Starting Monday"></property>
        <property name="SC_END_DATE_LABEL_TEXT"                 value="Ending Firday"></property>
        <property name="SC_SCHEDULE_ITEM_LABEL_TEXT"                 value="Schedule Items"></property>
        <property name="SC_REMOVE_ITEM_BUTTON_TEXT"                 value="-"></property>
        <property name="SC_SCHEDULE_TYPE_COLUMN_TEXT"                 value="Type"></property>
        <property name="SC_SCHEDULE_DATE_COLUMN_TEXT"                 value="Date"></property>
        <property name="SC_SCHEDULE_TITLE_COLUMN_TEXT"                 value="Title"></property>
        <property name="SC_SCHEDULE_TOPIC_COLUMN_TEXT"                 value="Topic"></property>
        <property name="SC_ADD_LABEL_TEXT"                 value="Add/Edit"></property>
        <property name="SC_TYPE_LABEL_TEXT"                 value="Type:"></property>
        <property name="SC_DATE_LABEL_TEXT"                 value="Date:"></property>
        <property name="SC_TITLE_LABEL_TEXT"                 value="Title:"></property>
        <property name="SC_TOPIC_LABEL_TEXT"                 value="Topic:"></property>
        <property name="SC_LINK_LABEL_TEXT"                 value="Link:"></property>
        <property name="SC_ADD_ITEM_BUTTON_TEXT"                 value="Add"></property>
        <property name="SC_CLEAR_ITEM_BUTTON_TEXT"                 value="Clear"></property>

        <!-- TO SWITCH BACK TO ANOTHER LANGUAGE -->
        <property name="LANGUAGE_DIALOG_TITLE"          value="App Language Selection"></property>
        <property name="LANGUAGE_DIALOG_HEADER_TEXT"    value="Choose a Language"></property>
        <property name="LANGUAGE_DIALOG_CONTENT_TEXT"   value="Select a Language for the User Interface."></property>
        
        <property name="WORK_FILE_EXT"          value="ta"></property>
	<property name="WORK_FILE_EXT_DESC"     value="Teaching Assistant Files"></property>

    </property_list>
    
    <property_options_list>
        <property_options name="LANGUAGE_OPTIONS">
            <option>English</option>
        </property_options>
    </property_options_list>
</properties>