<?xml version="1.0" encoding="UTF-8"?>
<!--
    This XML file provides all the text to be used when the application
    is to be displayed in English.
-->
<properties>
    <property_list>

        <!-- ENGLISH LANGUAGE SETTINGS FOR DESKTOP JAVA FRAMEWORK CONTROLS -->

        <!-- WELCOME DIALOG TEXT -->
        <property name="WELCOME_DIALOG_TITLE"               value="欢迎来到 Office Hours"></property>
        <property name="WELCOME_DIALOG_RECENT_WORK_LABEL"   value="最近的文档"></property>
        <property name="WELCOME_DIALOG_NEW_BUTTON_TEXT"  value="创建新的 Office Hours"></property>

        <!-- GENERIC APP ERROR MESSAGES -->
        <property name="APP_ERROR_TITLE"            value="错误程序"></property>
        <property name="APP_ERROR_CONTENT"          value="程序出现了一个错误"></property>

        <!-- PROPERTIES ERROR MESSAGES -->
        <property name="PROPERTIES_ERROR_TITLE"     value="加载出错"></property>
        <property name="PROPERTIES_ERROR_CONTENT"   value="属性文件加载时出错了"></property>

        <!-- FILE TOOLBAR TOOLTIPS -->
        <property name="NEW_BUTTON_TOOLTIP"         value="新建 Office Hours"></property>
        <property name="LOAD_BUTTON_TOOLTIP"        value="加载 Office Hours"></property>
        <property name="CLOSE_BUTTON_TOOLTIP"       value="关闭 Office Hours"></property>
        <property name="SAVE_BUTTON_TOOLTIP"        value="保存 Office Hours"></property>
        <property name="EXPORT_BUTTON_TOOLTIP"      value="导出 Office Hours"></property>
        <property name="EXIT_BUTTON_TOOLTIP"        value="退出"></property>

        <!-- CLIPBOARD TOOLBAR TOOLTIPS -->
        <property name="CUT_BUTTON_TOOLTIP"         value="剪切"></property>
        <property name="COPY_BUTTON_TOOLTIP"        value="复制"></property>
        <property name="PASTE_BUTTON_TOOLTIP"       value="粘贴"></property>

        <!-- UNDO TOOLBAR TOOLTIPS -->
        <property name="UNDO_BUTTON_TOOLTIP"        value="后退一步"></property>
        <property name="REDO_BUTTON_TOOLTIP"        value="向前一步"></property>

        <!-- HELP TOOLBAR TOOLTIPS -->
        <property name="HELP_BUTTON_TOOLTIP"        value="帮助"></property>
        <property name="LANGUAGE_BUTTON_TOOLTIP"    value="更换语言"></property>
        <property name="ABOUT_BUTTON_TOOLTIP"       value="关于"></property>

        <!-- NEW FEEDBACK DIALOGS -->	
        <property name="NEW_SUCCESS_TITLE"      value="新建完成"></property>
        <property name="NEW_SUCCESS_CONTENT"	value="作品创建后未保存"></property>
        <property name="NEW_ERROR_TITLE"        value="警告: 错误"></property>
        <property name="NEW_ERROR_CONTENT"      value="创建新文件时出错."></property>

        <!-- LOAD FEEDBACK DIALOGS -->
        <property name="LOAD_WORK_TITLE"        value="加载文件"></property>
        <property name="LOAD_SUCCESS_TITLE"     value="加载完毕"></property>
        <property name="LOAD_SUCCESS_CONTENT"   value="文件加载完毕，现在可进行修改"></property>
        <property name="LOAD_ERROR_TITLE"       value="加载出错"></property>        
        <property name="LOAD_ERROR_CONTENT"     value="文件加载失败。文件格式可能不正确"></property>

        <!-- SAVE FEEDBACK DIALOGS -->
        <property name="SAVE_WORK_TITLE"        value="保存文件"></property>
        <property name="SAVE_SUCCESS_TITLE"     value="保存完毕"></property>
        <property name="SAVE_SUCCESS_CONTENT"   value="保存成功"></property>
        <property name="SAVE_ERROR_TITLE"       value="储存错误"></property>
        <property name="SAVE_ERROR_CONTENT"     value="储存失败。文件路径可能不正确"></property>
        <property name="SAVE_VERIFY_TITLE"	value="保存未保存的文件?"></property>
        <property name="SAVE_VERIFY_CONTENT"	value="请先保存未保存的文件"></property>

        <!-- ABOUT DIALOG -->
        <property name="ABOUT_TITLE"            value="关于 OH"></property>
        <property name="ABOUT_CONTENT"          value="OH, the Office Hours Manager - Debugging Enterprises - © 2018"></property>


        <!-- ENGLISH LANGUAGE SETTINGS SPECIFICALLY FOR TDLM CONTROLS -->

        <!-- LANGUAGE-DEPENDENT TEXT FOR OH WORKSPACE CONTROLS -->
        <property name="CSG_SITE_TEXT" value = "网站"></property>
        <property name="CSG_SYLLABUS_TEXT" value = "课程进程表"></property>
        <property name="CSG_MEETING_TEXT" value = "上课时间"></property>
        <property name="CSG_OH_TEXT" value = "助教时间"></property>
        <property name="CSG_SCHEDULE_TEXT" value = "课程计划表"></property>
        <!-- SITE TAB VARIABLES -->
        <property name="SITE_BANNER_TEXT" value = "标签"></property>
        <property name="SITE_SUBJECT_TEXT" value = "课程:"></property>
        <property name="SITE_YEAR_TEXT" value = "年度:"></property>
        <property name="SITE_SEMESTER_TEXT" value = "学期:"></property>
        <property name="SITE_NUMBER_TEXT" value = "课码:"></property>
        <property name="SITE_TITLE_TEXT" value = "标题:"></property>
        <property name="SITE_EXPORT_TEXT" value = "导出目录:"></property>
        <property name="SITE_EXPORT_DIR_TEXT" value = "./export/subject_number_semester_year/public_html"></property>
        <property name="SITE_PAGE_TEXT" value = "网页"></property>
        <property name="SITE_HOME_TEXT" value = "主页"></property>
        <property name="SITE_SYLLABUS_TEXT" value = "课程进度表"></property>
        <property name="SITE_SCHEDULE_TEXT" value = "课程计划表"></property>
        <property name="SITE_HWS_TEXT" value = "作业"></property>
        <property name="SITE_STYLE_TEXT" value = "样式"></property>
        <property name="SITE_FAVICON_TEXT" value = "网页图标"></property>
        <property name="SITE_NAVBAR_TEXT" value = "导览列图片"></property>
        <property name="SITE_LEFT_FOOTER_TEXT" value = "左脚页图面"></property>
        <property name="SITE_RIGHT_FOOTER_TEXT" value = "右脚页图面"></property>
        <property name="SITE_CSS_TEXT" value = "字体和图片CSS:"></property>
        <property name="SITE_NOTE_TEXT" value = "注意：所有CSS文件必须在 /work/css目录才能被选择"></property>
        <property name="SITE_INSTRUCTOR_TEXT" value = "教授"></property>
        <property name="SITE_INSTRUCTOR_NAME_TEXT" value = "名字:"></property>
        <property name="SITE_INSTRUCTOR_ROOM_TEXT" value = "教室:"></property>
        <property name="SITE_INSTRUCTOR_EMAIL_TEXT" value = "邮箱:"></property>
        <property name="SITE_INSTRUCTOR_HOMEPAGE_TEXT" value = "主页:"></property>
        <property name="SITE_INSTRUCTOR_OH_TEXT" value = "助教时间 "></property>
        <property name="SITE_FAVICON_IMG_ICON" value = "./images/LoadImage.png"></property>
        <property name="SITE_NAVBAR_IMG_ICON" value = "./images/LoadImage.png"></property>
        <property name="SITE_LEFT_FOOTER_IMG_ICON" value = "./images/LoadImage.png"></property>
        <property name="SITE_RIGHT_FOOTER_IMG_ICON" value = "./images/LoadImage.png"></property>
        
        <!-- MEETING TIME VARIABLES -->
        <property name="MT_ADD_LECTURE_BUTTON_TEXT" value = "+"></property>
        <property name="MT_REMOVE_LECTURE_BUTTON_TEXT" value = "-"></property>
        <property name="MT_LECTURE_LABEL_TEXT" value = "课程"></property>
        <property name="MT_LECTURE_SECTION_COLUMN_TEXT" value = "片段"></property>
        <property name="MT_LECTURE_DAYS_COLUMN_TEXT" value = "日程"></property>
        <property name="MT_LECTURE_TIME_COLUMN_TEXT" value = "时间"></property>
        <property name="MT_LECTURE_ROOM_COLUMN_TEXT" value = "房间"></property>
        
        <property name="MT_ADD_RECITATION_BUTTON_TEXT" value = "+"></property>
        <property name="MT_REMOVE_RECITATION_BUTTON_TEXT" value = "-"></property>
        <property name="MT_RECITATION_LABEL_TEXT" value = "复习"></property>
        <property name="MT_RECITATION_SECTION_COLUMN_TEXT" value = "片段"></property>
        <property name="MT_RECITATION_DAYSTIME_COLUMN_TEXT" value = "日程和日间"></property>
        <property name="MT_RECITATION_ROOM_COLUMN_TEXT" value = "房间"></property>
        <property name="MT_RECITATION_TA1_COLUMN_TEXT" value = "助教1"></property>
        <property name="MT_RECITATION_TA2_COLUMN_TEXT" value = "助教2"></property>
        
        <property name="MT_ADD_LAB_BUTTON_TEXT" value = "+"></property>
        <property name="MT_REMOVE_LAB_BUTTON_TEXT" value = "-"></property>
        <property name="MT_LAB_LABEL_TEXT" value = "试验"></property>
        <property name="MT_LAB_SECTION_COLUMN_TEXT" value = "片段"></property>
        <property name="MT_LAB_DAYSTIME_COLUMN_TEXT" value = "日程和时间"></property>
        <property name="MT_LAB_ROOM_COLUMN_TEXT" value = "房间"></property>
        <property name="MT_LAB_TA1_COLUMN_TEXT" value = "助教1"></property>
        <property name="MT_LAB_TA2_COLUMN_TEXT" value = "助教2"></property>
        
        
        <!-- OFFICE HOURS TAB VARIABLES -->
        <property name="OH_TAS_HEADER_LABEL_TEXT"           value="助教"></property>
        <property name="OH_ADD_TA_BUTTON_TEXT"              value="添加助教"></property>
        <property name="OH_REMOVE_TA_BUTTON_TEXT"              value="-"></property>
        <property name="OH_OFFICE_HOURS_HEADER_LABEL_TEXT"  value="助教时间"></property>
        <property name="OH_NAME_TABLE_COLUMN_TEXT"          value="名字"></property>
        <property name="OH_EMAIL_TABLE_COLUMN_TEXT"         value="邮箱"></property>
        <property name="OH_SLOTS_TABLE_COLUMN_TEXT"         value="时间表"></property>
        <property name="OH_TYPE_TABLE_COLUMN_TEXT"          value="类型"></property>
        <property name="OH_START_TIME_LABLE_TEXT"    value="开始时间"></property>
        <property name="OH_END_TIME_LABLE_TEXT"    value="结束时间"></property>
        <property name="OH_START_TIME_TABLE_COLUMN_TEXT"    value="开始时间"></property>
        <property name="OH_END_TIME_TABLE_COLUMN_TEXT"      value="结束时间"></property>
        <property name="OH_MONDAY_TABLE_COLUMN_TEXT"        value="星期一"></property>
        <property name="OH_TUESDAY_TABLE_COLUMN_TEXT"       value="星期二"></property>
        <property name="OH_WEDNESDAY_TABLE_COLUMN_TEXT"     value="星期三"></property>
        <property name="OH_THURSDAY_TABLE_COLUMN_TEXT"      value="星期四"></property>
        <property name="OH_FRIDAY_TABLE_COLUMN_TEXT"        value="星期五"></property>
        <property name="OH_EMAIL_ERROR_TEXT"                value="无效的邮箱地址!"></property>
        <property name="OH_NAME_TEXT_FIELD_TEXT"            value="姓名"></property>
        <property name="OH_EMAIL_TEXT_FIELD_TEXT"           value="邮箱"></property>
        <property name="OH_NAME_ERROR_TEXT"                 value="无效的输入！"></property>
        <property name="OH_TOGGLE_UNDERGRADUATE_TEXT"              value="本科生"></property>
        <property name="OH_TOGGLE_GRADUATE_TEXT"              value="研究生"></property>
        <property name="OH_TOGGLE_ALL_TEXT"              value="所有"></property>
        <property name="OH_EDIT_TA_TITLE"                value="修改助教"></property>
        <property name="OH_EDIT_TA_TEXT"                 value="修改助教信息"></property>
        <property name="OH_EDIT_TA_TYPE"                 value="类型"></property>

        <!-- SYLLABUS TAB -->
        <property name="SY_DESCRIPTION_TITLED_PANE_TEXT"                 value="课程描述:"></property>
        <property name="SY_TOPIC_TITLED_PANE_TEXT"                 value="课程主题;"></property>
        <property name="SY_PREREQUIREMENT_TITLED_PANE_TEXT"                 value="课程前置:"></property>
        <property name="SY_OUTCOMES_TITLED_PANE_TEXT"                 value="课程结果:"></property>
        <property name="SY_TEXTBOOK_TITLED_PANE_TEXT"                 value="教科书:"></property>
        <property name="SY_GRADED_TITLED_PANE_TEXT"                 value="分数占比:"></property>
        <property name="SY_GRADING_TITLED_PANE_TEXT"                 value="评分标准:"></property>
        <property name="SY_ACADEMIC_TITLED_PANE_TEXT"                 value="诚实学业："></property>
        <property name="SY_SPECIAL_TITLED_PANE_TEXT"                 value="特殊帮助:"></property>
        
        <!-- SCHEDULE TAB VARIABLES -->
    
        <property name="SC_CALENDAR_LABEL_TEXT"                 value="日历间断"></property>
        <property name="SC_START_DATE_LABEL_TEXT"                 value="开始的周一"></property>
        <property name="SC_END_DATE_LABEL_TEXT"                 value="结束的周五"></property>
        <property name="SC_SCHEDULE_ITEM_LABEL_TEXT"                 value="日程物品"></property>
        <property name="SC_REMOVE_ITEM_BUTTON_TEXT"                 value="-"></property>
        <property name="SC_SCHEDULE_TYPE_COLUMN_TEXT"                 value="类型"></property>
        <property name="SC_SCHEDULE_DATE_COLUMN_TEXT"                 value="日期"></property>
        <property name="SC_SCHEDULE_TITLE_COLUMN_TEXT"                 value="标题"></property>
        <property name="SC_SCHEDULE_TOPIC_COLUMN_TEXT"                 value="主题"></property>
        <property name="SC_ADD_LABEL_TEXT"                 value="添加/修改"></property>
        <property name="SC_TYPE_LABEL_TEXT"                 value="类型:"></property>
        <property name="SC_DATE_LABEL_TEXT"                 value="日期:"></property>
        <property name="SC_TITLE_LABEL_TEXT"                 value="标题:"></property>
        <property name="SC_TOPIC_LABEL_TEXT"                 value="主题:"></property>
        <property name="SC_LINK_LABEL_TEXT"                 value="连接:"></property>
        <property name="SC_ADD_ITEM_BUTTON_TEXT"                 value="添加/更新"></property>
        <property name="SC_CLEAR_ITEM_BUTTON_TEXT"                 value="清除"></property>


        <!-- TO SWITCH BACK TO ANOTHER LANGUAGE -->
        <property name="LANGUAGE_DIALOG_TITLE"          value="语言选择"></property>
        <property name="LANGUAGE_DIALOG_HEADER_TEXT"    value="请选择一个语言"></property>
        <property name="LANGUAGE_DIALOG_CONTENT_TEXT"   value="请选择界面语言"></property>

        <property name="WORK_FILE_EXT"          value="ta"></property>
	<property name="WORK_FILE_EXT_DESC"     value="Teaching Assistant Files"></property>

    </property_list>
    
    <property_options_list>
        <property_options name="LANGUAGE_OPTIONS">
            <option>English</option>
        </property_options>
    </property_options_list>
</properties>