
{
    "site_pane":{
        "subject":"CSE",
        "number":"114",
        "semester":"das",
        "year":"das",
        "title":"dasdadasda",
        "logos":{
            "favicon":{
                "href":"./images/LoadImage.png"
            },
            "navbar":{
                "src":"./images/LoadImage.png"
            },
            "bottom_left":{
                "src":"./images/LoadImage.png"
            },
            "bottom_right":{
                "src":"./images/LoadImage.png"
            }
        },
        "css":"sea_wolf.css",
        "instructor":{
            "name":"",
            "link":"",
            "email":"",
            "room":"",
            "photo":"./images/.jpg",
            "hours":[
            ]
        },
        "pages":[
        ]
    },
    "syllabus_pane":{
        "description":"",
        "topics":[
        ],
        "prerequisites":"",
        "outcomes":[
        ],
        "textbooks":[
        ],
        "gradedComponents":[
        ],
        "gradingNote":"",
        "academicDishonesty":"",
        "specialAssistance":""
    },
    "meetingTime_pane":{
        "lectures":[
        ],
        "labs":[
        ],
        "recitations":[
        ]
    },
    "officeHours_pane":{
        "startHour":"8",
        "endHour":"23",
        "undergrad_tas":[
        ],
        "grad_tas":[
        ],
        "officeHours":[
        ]
    },
    "schedule_pane":{
        "startingMondayYear":"",
        "startingMondayMonth":"",
        "startingMondayDay":"",
        "endingFridayYear":"",
        "endingFridayMonth":"",
        "endingFridayDay":"",
        "holidays":[
        ],
        "lectures":[
        ],
        "references":[
        ],
        "recitations":[
        ],
        "hws":[
        ],
        "labs":[
        ]
    }
}