
{
    "site_pane":{
        "subject":"CSE",
        "number":"219",
        "semester":"Fall",
        "year":"2018",
        "title":"Computer Science II",
        "logos":{
            "favicon":{
                "href":"/Users/zhengyu/Documents/tw11.jpg"
            },
            "navbar":{
                "src":"/Users/zhengyu/Documents/tw11.jpg"
            },
            "bottom_left":{
                "src":"/Users/zhengyu/Documents/CouseSiteGenerator/apps/CourseSiteGenerator/images/LoadImage.png"
            },
            "bottom_right":{
                "src":"/Users/zhengyu/Documents/CouseSiteGenerator/apps/CourseSiteGenerator/./images/LoadImage.png"
            }
        },
        "css":"sea_wolf.css",
        "instructor":{
            "name":"Richard McKenna",
            "link":"http://www.cs.stonybrook.edu/~richard",
            "email":"richard@cs.stonybrook.edu",
            "room":"New CS 216",
            "photo":"./images/RichardMcKenna.jpg",
            "hours":[
                {
                    "day":"Tuesday",
                    "time":"1:00pm-1:10pm"
                },
                {
                    "day":"Wednesday",
                    "time":"2pm-3pm"
                },
                {
                    "day":"Thursday",
                    "time":"1:00pm-2:20pm"
                }
            ]
        },
        "pages":[
            {
                "name":"Home",
                "link":"index.html"
            },
            {
                "name":"Syllabus",
                "link":"syllabus.html"
            },
            {
                "name":"HWs",
                "link":"hws.html"
            }
        ]
    },
    "syllabus_pane":{
        "description":"Development of the basic concepts and techniques from Computer Science I and II into practical programming skills that include a systematic approach to program design, coding, testing, and debugging. Application of these skills to the construction of robust programs of thousands of lines of source code. Use of programming environments and tools to aid in the software development process.",
        "topics":[
            "Programming style and its impact on readability, reliability, maintainability, and portability.",
            "Decomposing problems into modular designs with simple, narrow interfaces.",
            "Determining the proper objects in an object-oriented design.",
            "Selecting appropriate algorithms and data structures.",
            "Reusing code, including external libraries designed and built by others.",
            "Learning systematic testing and debugging techniques.",
            "Maintaining a repository of code during incremental development of a software project.",
            "Learning how to use threads to synchronize several tasks.",
            "Improving program performance.",
            "Making effective use of a programming environment, including:<br /><ul><li>Syntax-directed editor</li><li>Build tools</li><li>Debugging tools</li><li>Testing tools</li><li>Source code management tools</li><li>Profiling tools</li></ul>"
        ],
        "prerequisites":"You must have taken CSE 214 and received a grade of 'C' or better in order to take this course. In more detail, you are expected to have the following knowledge and skills at the beginning of the course:<br /><ul><li>Ability to write programs of a few hundred lines of code in the Java programming language.</li><li>Understanding of fundamental data structures, including lists, binary trees, hash tables, and graphs, and the ability to employ these data structures in the form provided by the standard Java API.</li><li>Ability to construct simple command-based user interfaces, and to use files for the input and output of data.</li><li>Mastery of basic mathematical and geometric reasoning using pre-calculus concepts.</li></ul>",
        "outcomes":[
            "Ability to systematically design, code, debug, and test programs of about two thousand lines of code.",
            "Sensitivity to the issues of programming style and modularity and their relationship to the construction and evolution of robust software.",
            "Knowledge of basic ideas and techniques of object-oriented programming.",
            "Familiarity with the capabilities and use of programming tools such as syntax-directed editors, debuggers, execution profilers, documentation generators, and revison-control systems."
        ],
        "textbooks":[
            {
                "title":"Head First Object Oriented Analysis and Design",
                "link":"http://proquestcombo.safaribooksonline.com.proxy.library.stonybrook.edu/0596008678",
                "photo":"./images/HeadFirstOOAAD.jpg",
                "authors":[
                    "Brett McLaughlin",
                    "Gary Pollice",
                    "David West"
                ],
                "publisher":"O'Reilly Media, Inc.",
                "year":"2006"
            },
            {
                "title":"Head First Design Patterns",
                "link":"http://proquestcombo.safaribooksonline.com.proxy.library.stonybrook.edu/0596007124",
                "photo":"./images/HeadFirstDesignPatterns.gif",
                "authors":[
                    "Eric T Freeman",
                    "Elisabeth Robson",
                    "Bert Bates",
                    "Kathy Sierra"
                ],
                "publisher":"O'Reilly Media, Inc.",
                "year":"2004"
            }
        ],
        "gradedComponents":[
            {
                "name":"Recitations",
                "description":"Students will attend weekly recitations that will introduce use of essential development tools and will require completion of an exercise for submission.",
                "weight":"10"
            },
            {
                "name":"Homework Assignments",
                "description":"The assignments will develop a students ability to design and implement object-oriented systems. Grading will be based on functionality and proper use specific tools. Submitted code that does not compile will receive no credit. Late submissions will NOT be accepted. Programming assignments will be handed in electronically, instructions for which will be provided early in the semester.",
                "weight":"20"
            },
            {
                "name":"Final Project",
                "description":"The assignments will build to the final project, which will be a fully functioning application.",
                "weight":"20"
            },
            {
                "name":"Midterm Exam",
                "description":"The midterm will cover all lecture, quizzes, and homework materials covered during the first 1/2 of the semester.",
                "weight":"20"
            },
            {
                "name":"Final Exam",
                "description":"The final will be cumulative and will cover all lecture, reading, and homework material.",
                "weight":"30"
            }
        ],
        "gradingNote":"<strong>Note CEAS Policy:</strong> The Pass/No Credit (P/NC) option is not available for this course.",
        "academicDishonesty":"You may <em>discuss</em> the homework in this course with anyone you like, however each student's submissionmust be ones own work.<br /><br />The College of Engineering and Applied Sciences regards academic dishonesty as a very serious matter, and provides for substantial penalties in such cases. For more information, obtain a copy of the CEAS guidelines on academic dishonesty from the CEAS office.<br /><br /><strong>Be advised that any evidence of academic dishonesty will be treated with utmost seriousness. If you have a situation that may tempt you into doing something academically dishonest, resist the urge and speak with your instructor during office hours for help.</strong><br /><br />",
        "specialAssistance":"If you have a physical, psychological, medical or learning disability that may impact on your ability to carry out assigned course work, I would urge that you contact the staff at the <a href='https://www.stonybrook.edu/dss/'>Student Accessibility Support Center</a> (SASC) in the ECC building, 632-6748. SASC will review your concerns and determine with you what accommodations are necessary and appropriate. All information and documentation of disability are confidential.<br /><br /><br /><br />"
    },
    "meetingTime_pane":{
        "lectures":[
            {
                "section":"L01",
                "days":"Tuesdays &amp; Thursdays",
                "time":"10:00am-11:20pm",
                "room":"Humanities 1006"
            }
        ],
        "labs":[
        ],
        "recitations":[
            {
                "section":"<strong>R06</strong> (McKenna)",
                "day_time":"Mondays, 10:00am-10:53am",
                "location":"New CS 115",
                "ta_1":"Lei Song",
                "ta_2":"Qihong Jiang"
            },
            {
                "section":"<strong>R07</strong> (McKenna)",
                "day_time":"Wednesdays, 10:00am-10:53am",
                "location":"New CS 115",
                "ta_1":"Mankirat Gulati",
                "ta_2":"Sammi Wu Leung"
            },
            {
                "section":"<strong>R08</strong> (McKenna)",
                "day_time":"Wednesdays, 2:30pm-3:23pm",
                "location":"New CS 115",
                "ta_1":"Sammi Wu Leung",
                "ta_2":"Qihong Jiang"
            }
        ]
    },
    "officeHours_pane":{
        "startHour":"8",
        "endHour":"23",
        "undergrad_tas":[
            {
                "name":"Abraham Rosloff",
                "email":"abraham.rosloff@stonybrook.edu"
            },
            {
                "name":"Anghel De Las Casas",
                "email":"anghel.delascasas@stonybrook.edu"
            },
            {
                "name":"Dhruv Sheth",
                "email":"dhruv.sheth@stonybrook.edu"
            },
            {
                "name":"Heng An Lin",
                "email":"Hengan.lin@stonybrook.edu"
            },
            {
                "name":"Lei Song",
                "email":"lei.song@stonybrook.edu"
            },
            {
                "name":"Mankirat Gulati",
                "email":"mankirat.gulati@stonybrook.edu"
            },
            {
                "name":"Melanie Logan",
                "email":"melanie.logan@stonybrook.edu"
            },
            {
                "name":"Michael McDonagh",
                "email":"Michael.J.McDonagh@stonybrook.edu"
            },
            {
                "name":"Qihong Jiang",
                "email":"qihong.jiang@stonybrook.edu"
            },
            {
                "name":"Sammi Wu Leung",
                "email":"sammi.wuleung@stonybrook.edu"
            },
            {
                "name":"Stephen Chen",
                "email":"stephen.chen@stonybrook.edu"
            },
            {
                "name":"Weihao Li",
                "email":"weihao.li@stonybrook.edu"
            },
            {
                "name":"Xiangying Liu",
                "email":"xiangying.liu@stonybrook.edu"
            },
            {
                "name":"Xiaoxiao Liu",
                "email":"xiao.x.liu@stonybrook.edu"
            },
            {
                "name":"Zengxian Lin",
                "email":"zengxian.lin@stonybrook.edu"
            },
            {
                "name":"Zihao Wang",
                "email":"zihao.wang.3@stonybrook.edu"
            }
        ],
        "grad_tas":[
            {
                "name":"Aarin Chase",
                "email":"Aarin.Chase@stonybrook.edu"
            },
            {
                "name":"Bo Cao",
                "email":"Bo.Cao.1@stonybrook.edu"
            },
            {
                "name":"Kaho Kui",
                "email":"kaho.kui@stonybrook.edu"
            },
            {
                "name":"Richard Huang",
                "email":"yueyang.huang@stonybrook.edu"
            }
        ],
        "officeHours":[
            {
                "time":"8_00am",
                "day":"MONDAY",
                "name":"Lei Song"
            },
            {
                "time":"8_00am",
                "day":"TUESDAY",
                "name":"Xiangying Liu"
            },
            {
                "time":"8_00am",
                "day":"WEDNESDAY",
                "name":"Zengxian Lin"
            },
            {
                "time":"8_00am",
                "day":"THURSDAY",
                "name":"Xiangying Liu"
            },
            {
                "time":"8_00am",
                "day":"FRIDAY",
                "name":"Lei Song"
            },
            {
                "time":"8_30am",
                "day":"MONDAY",
                "name":"Lei Song"
            },
            {
                "time":"8_30am",
                "day":"TUESDAY",
                "name":"Xiangying Liu"
            },
            {
                "time":"8_30am",
                "day":"WEDNESDAY",
                "name":"Zengxian Lin"
            },
            {
                "time":"8_30am",
                "day":"THURSDAY",
                "name":"Xiangying Liu"
            },
            {
                "time":"8_30am",
                "day":"FRIDAY",
                "name":"Lei Song"
            },
            {
                "time":"9_00am",
                "day":"MONDAY",
                "name":"Lei Song"
            },
            {
                "time":"9_00am",
                "day":"TUESDAY",
                "name":"Xiangying Liu"
            },
            {
                "time":"9_00am",
                "day":"WEDNESDAY",
                "name":"Zengxian Lin"
            },
            {
                "time":"9_00am",
                "day":"THURSDAY",
                "name":"Xiangying Liu"
            },
            {
                "time":"9_00am",
                "day":"FRIDAY",
                "name":"Lei Song"
            },
            {
                "time":"9_30am",
                "day":"MONDAY",
                "name":"Lei Song"
            },
            {
                "time":"9_30am",
                "day":"WEDNESDAY",
                "name":"Zengxian Lin"
            },
            {
                "time":"9_30am",
                "day":"FRIDAY",
                "name":"Lei Song"
            },
            {
                "time":"10_00am",
                "day":"MONDAY",
                "name":"Melanie Logan"
            },
            {
                "time":"10_00am",
                "day":"WEDNESDAY",
                "name":"Melanie Logan"
            },
            {
                "time":"10_00am",
                "day":"FRIDAY",
                "name":"Xiangying Liu"
            },
            {
                "time":"10_30am",
                "day":"MONDAY",
                "name":"Melanie Logan"
            },
            {
                "time":"10_30am",
                "day":"WEDNESDAY",
                "name":"Melanie Logan"
            },
            {
                "time":"10_30am",
                "day":"FRIDAY",
                "name":"Xiangying Liu"
            },
            {
                "time":"11_00am",
                "day":"MONDAY",
                "name":"Melanie Logan"
            },
            {
                "time":"11_00am",
                "day":"WEDNESDAY",
                "name":"Melanie Logan"
            },
            {
                "time":"11_00am",
                "day":"FRIDAY",
                "name":"Xiangying Liu"
            },
            {
                "time":"11_30am",
                "day":"WEDNESDAY",
                "name":"Melanie Logan"
            },
            {
                "time":"11_30am",
                "day":"THURSDAY",
                "name":"Abraham Rosloff"
            },
            {
                "time":"11_30am",
                "day":"FRIDAY",
                "name":"Xiangying Liu"
            },
            {
                "time":"12_00pm",
                "day":"MONDAY",
                "name":"Michael McDonagh"
            },
            {
                "time":"12_00pm",
                "day":"MONDAY",
                "name":"Zihao Wang"
            },
            {
                "time":"12_00pm",
                "day":"WEDNESDAY",
                "name":"Melanie Logan"
            },
            {
                "time":"12_00pm",
                "day":"WEDNESDAY",
                "name":"Michael McDonagh"
            },
            {
                "time":"12_00pm",
                "day":"THURSDAY",
                "name":"Abraham Rosloff"
            },
            {
                "time":"12_00pm",
                "day":"THURSDAY",
                "name":"Weihao Li"
            },
            {
                "time":"12_00pm",
                "day":"FRIDAY",
                "name":"Heng An Lin"
            },
            {
                "time":"12_30pm",
                "day":"MONDAY",
                "name":"Michael McDonagh"
            },
            {
                "time":"12_30pm",
                "day":"MONDAY",
                "name":"Zihao Wang"
            },
            {
                "time":"12_30pm",
                "day":"TUESDAY",
                "name":"Anghel De Las Casas"
            },
            {
                "time":"12_30pm",
                "day":"WEDNESDAY",
                "name":"Melanie Logan"
            },
            {
                "time":"12_30pm",
                "day":"WEDNESDAY",
                "name":"Michael McDonagh"
            },
            {
                "time":"12_30pm",
                "day":"THURSDAY",
                "name":"Abraham Rosloff"
            },
            {
                "time":"12_30pm",
                "day":"THURSDAY",
                "name":"Weihao Li"
            },
            {
                "time":"12_30pm",
                "day":"FRIDAY",
                "name":"Heng An Lin"
            },
            {
                "time":"1_00pm",
                "day":"MONDAY",
                "name":"Michael McDonagh"
            },
            {
                "time":"1_00pm",
                "day":"MONDAY",
                "name":"Zihao Wang"
            },
            {
                "time":"1_00pm",
                "day":"TUESDAY",
                "name":"Anghel De Las Casas"
            },
            {
                "time":"1_00pm",
                "day":"WEDNESDAY",
                "name":"Melanie Logan"
            },
            {
                "time":"1_00pm",
                "day":"WEDNESDAY",
                "name":"Michael McDonagh"
            },
            {
                "time":"1_00pm",
                "day":"WEDNESDAY",
                "name":"Qihong Jiang"
            },
            {
                "time":"1_00pm",
                "day":"FRIDAY",
                "name":"Heng An Lin"
            },
            {
                "time":"1_30pm",
                "day":"MONDAY",
                "name":"Michael McDonagh"
            },
            {
                "time":"1_30pm",
                "day":"MONDAY",
                "name":"Sammi Wu Leung"
            },
            {
                "time":"1_30pm",
                "day":"TUESDAY",
                "name":"Anghel De Las Casas"
            },
            {
                "time":"1_30pm",
                "day":"WEDNESDAY",
                "name":"Michael McDonagh"
            },
            {
                "time":"1_30pm",
                "day":"WEDNESDAY",
                "name":"Qihong Jiang"
            },
            {
                "time":"1_30pm",
                "day":"FRIDAY",
                "name":"Heng An Lin"
            },
            {
                "time":"2_00pm",
                "day":"MONDAY",
                "name":"Michael McDonagh"
            },
            {
                "time":"2_00pm",
                "day":"MONDAY",
                "name":"Sammi Wu Leung"
            },
            {
                "time":"2_00pm",
                "day":"TUESDAY",
                "name":"Mankirat Gulati"
            },
            {
                "time":"2_00pm",
                "day":"WEDNESDAY",
                "name":"Michael McDonagh"
            },
            {
                "time":"2_00pm",
                "day":"WEDNESDAY",
                "name":"Qihong Jiang"
            },
            {
                "time":"2_00pm",
                "day":"FRIDAY",
                "name":"Heng An Lin"
            },
            {
                "time":"2_30pm",
                "day":"MONDAY",
                "name":"Sammi Wu Leung"
            },
            {
                "time":"2_30pm",
                "day":"TUESDAY",
                "name":"Mankirat Gulati"
            },
            {
                "time":"2_30pm",
                "day":"WEDNESDAY",
                "name":"Abraham Rosloff"
            },
            {
                "time":"2_30pm",
                "day":"THURSDAY",
                "name":"Dhruv Sheth"
            },
            {
                "time":"2_30pm",
                "day":"THURSDAY",
                "name":"Weihao Li"
            },
            {
                "time":"2_30pm",
                "day":"FRIDAY",
                "name":"Heng An Lin"
            },
            {
                "time":"3_00pm",
                "day":"MONDAY",
                "name":"Sammi Wu Leung"
            },
            {
                "time":"3_00pm",
                "day":"TUESDAY",
                "name":"Mankirat Gulati"
            },
            {
                "time":"3_00pm",
                "day":"WEDNESDAY",
                "name":"Abraham Rosloff"
            },
            {
                "time":"3_00pm",
                "day":"THURSDAY",
                "name":"Dhruv Sheth"
            },
            {
                "time":"3_00pm",
                "day":"THURSDAY",
                "name":"Weihao Li"
            },
            {
                "time":"3_00pm",
                "day":"FRIDAY",
                "name":"Heng An Lin"
            },
            {
                "time":"3_30pm",
                "day":"MONDAY",
                "name":"Anghel De Las Casas"
            },
            {
                "time":"3_30pm",
                "day":"TUESDAY",
                "name":"Mankirat Gulati"
            },
            {
                "time":"3_30pm",
                "day":"TUESDAY",
                "name":"Zihao Wang"
            },
            {
                "time":"3_30pm",
                "day":"WEDNESDAY",
                "name":"Abraham Rosloff"
            },
            {
                "time":"3_30pm",
                "day":"WEDNESDAY",
                "name":"Dhruv Sheth"
            },
            {
                "time":"3_30pm",
                "day":"THURSDAY",
                "name":"Dhruv Sheth"
            },
            {
                "time":"3_30pm",
                "day":"THURSDAY",
                "name":"Weihao Li"
            },
            {
                "time":"3_30pm",
                "day":"FRIDAY",
                "name":"Heng An Lin"
            },
            {
                "time":"4_00pm",
                "day":"MONDAY",
                "name":"Anghel De Las Casas"
            },
            {
                "time":"4_00pm",
                "day":"TUESDAY",
                "name":"Mankirat Gulati"
            },
            {
                "time":"4_00pm",
                "day":"TUESDAY",
                "name":"Zihao Wang"
            },
            {
                "time":"4_00pm",
                "day":"WEDNESDAY",
                "name":"Dhruv Sheth"
            },
            {
                "time":"4_00pm",
                "day":"WEDNESDAY",
                "name":"Sammi Wu Leung"
            },
            {
                "time":"4_00pm",
                "day":"THURSDAY",
                "name":"Dhruv Sheth"
            },
            {
                "time":"4_00pm",
                "day":"THURSDAY",
                "name":"Weihao Li"
            },
            {
                "time":"4_00pm",
                "day":"FRIDAY",
                "name":"Heng An Lin"
            },
            {
                "time":"4_30pm",
                "day":"MONDAY",
                "name":"Anghel De Las Casas"
            },
            {
                "time":"4_30pm",
                "day":"TUESDAY",
                "name":"Mankirat Gulati"
            },
            {
                "time":"4_30pm",
                "day":"WEDNESDAY",
                "name":"Dhruv Sheth"
            },
            {
                "time":"4_30pm",
                "day":"WEDNESDAY",
                "name":"Sammi Wu Leung"
            },
            {
                "time":"4_30pm",
                "day":"THURSDAY",
                "name":"Dhruv Sheth"
            },
            {
                "time":"4_30pm",
                "day":"THURSDAY",
                "name":"Weihao Li"
            },
            {
                "time":"4_30pm",
                "day":"FRIDAY",
                "name":"Heng An Lin"
            },
            {
                "time":"5_00pm",
                "day":"MONDAY",
                "name":"Anghel De Las Casas"
            },
            {
                "time":"5_00pm",
                "day":"TUESDAY",
                "name":"Mankirat Gulati"
            },
            {
                "time":"5_00pm",
                "day":"WEDNESDAY",
                "name":"Dhruv Sheth"
            },
            {
                "time":"5_00pm",
                "day":"WEDNESDAY",
                "name":"Qihong Jiang"
            },
            {
                "time":"5_00pm",
                "day":"THURSDAY",
                "name":"Zihao Wang"
            },
            {
                "time":"5_00pm",
                "day":"FRIDAY",
                "name":"Zengxian Lin"
            },
            {
                "time":"5_30pm",
                "day":"MONDAY",
                "name":"Anghel De Las Casas"
            },
            {
                "time":"5_30pm",
                "day":"TUESDAY",
                "name":"Mankirat Gulati"
            },
            {
                "time":"5_30pm",
                "day":"WEDNESDAY",
                "name":"Dhruv Sheth"
            },
            {
                "time":"5_30pm",
                "day":"WEDNESDAY",
                "name":"Qihong Jiang"
            },
            {
                "time":"5_30pm",
                "day":"THURSDAY",
                "name":"Zihao Wang"
            },
            {
                "time":"5_30pm",
                "day":"FRIDAY",
                "name":"Zengxian Lin"
            },
            {
                "time":"6_00pm",
                "day":"MONDAY",
                "name":"Xiaoxiao Liu"
            },
            {
                "time":"6_00pm",
                "day":"TUESDAY",
                "name":"Sammi Wu Leung"
            },
            {
                "time":"6_00pm",
                "day":"WEDNESDAY",
                "name":"Qihong Jiang"
            },
            {
                "time":"6_00pm",
                "day":"WEDNESDAY",
                "name":"Xiaoxiao Liu"
            },
            {
                "time":"6_00pm",
                "day":"THURSDAY",
                "name":"Zihao Wang"
            },
            {
                "time":"6_00pm",
                "day":"FRIDAY",
                "name":"Zengxian Lin"
            },
            {
                "time":"6_30pm",
                "day":"MONDAY",
                "name":"Xiaoxiao Liu"
            },
            {
                "time":"6_30pm",
                "day":"TUESDAY",
                "name":"Sammi Wu Leung"
            },
            {
                "time":"6_30pm",
                "day":"WEDNESDAY",
                "name":"Xiaoxiao Liu"
            },
            {
                "time":"6_30pm",
                "day":"THURSDAY",
                "name":"Abraham Rosloff"
            },
            {
                "time":"6_30pm",
                "day":"FRIDAY",
                "name":"Zengxian Lin"
            },
            {
                "time":"7_00pm",
                "day":"MONDAY",
                "name":"Xiaoxiao Liu"
            },
            {
                "time":"7_00pm",
                "day":"TUESDAY",
                "name":"Sammi Wu Leung"
            },
            {
                "time":"7_00pm",
                "day":"WEDNESDAY",
                "name":"Xiaoxiao Liu"
            },
            {
                "time":"7_00pm",
                "day":"THURSDAY",
                "name":"Abraham Rosloff"
            },
            {
                "time":"7_00pm",
                "day":"FRIDAY",
                "name":"Zengxian Lin"
            },
            {
                "time":"7_30pm",
                "day":"MONDAY",
                "name":"Xiaoxiao Liu"
            },
            {
                "time":"7_30pm",
                "day":"TUESDAY",
                "name":"Sammi Wu Leung"
            },
            {
                "time":"7_30pm",
                "day":"WEDNESDAY",
                "name":"Xiaoxiao Liu"
            },
            {
                "time":"7_30pm",
                "day":"THURSDAY",
                "name":"Abraham Rosloff"
            },
            {
                "time":"7_30pm",
                "day":"FRIDAY",
                "name":"Zengxian Lin"
            },
            {
                "time":"8_00pm",
                "day":"MONDAY",
                "name":"Xiaoxiao Liu"
            },
            {
                "time":"8_00pm",
                "day":"TUESDAY",
                "name":"Zihao Wang"
            },
            {
                "time":"8_00pm",
                "day":"WEDNESDAY",
                "name":"Xiaoxiao Liu"
            },
            {
                "time":"8_00pm",
                "day":"THURSDAY",
                "name":"Abraham Rosloff"
            },
            {
                "time":"8_00pm",
                "day":"FRIDAY",
                "name":"Stephen Chen"
            },
            {
                "time":"8_30pm",
                "day":"TUESDAY",
                "name":"Zihao Wang"
            },
            {
                "time":"8_30pm",
                "day":"WEDNESDAY",
                "name":"Stephen Chen"
            },
            {
                "time":"8_30pm",
                "day":"THURSDAY",
                "name":"Stephen Chen"
            },
            {
                "time":"8_30pm",
                "day":"FRIDAY",
                "name":"Stephen Chen"
            },
            {
                "time":"9_00pm",
                "day":"WEDNESDAY",
                "name":"Stephen Chen"
            },
            {
                "time":"9_00pm",
                "day":"THURSDAY",
                "name":"Stephen Chen"
            },
            {
                "time":"9_00pm",
                "day":"FRIDAY",
                "name":"Stephen Chen"
            },
            {
                "time":"9_30pm",
                "day":"FRIDAY",
                "name":"Stephen Chen"
            }
        ]
    },
    "schedule_pane":{
        "startingMondayYear":"2018",
        "startingMondayMonth":"8",
        "startingMondayDay":"27",
        "endingFridayYear":"2018",
        "endingFridayMonth":"12",
        "endingFridayDay":"21",
        "holidays":[
            {
                "month":"9",
                "day":"4",
                "year":"2018",
                "title":"LABOR DAY lololo",
                "link":"https://www.stonybrook.edu/commcms/registrar/calendars/academic_calendars"
            },
            {
                "month":"10",
                "day":"8",
                "year":"2018",
                "title":"FALL BREAK?<br /><br /><br />",
                "link":"https://www.stonybrook.edu/commcms/registrar/calendars/academic_calendars"
            },
            {
                "month":"10",
                "day":"9",
                "year":"2018",
                "title":"FALL BREAK?",
                "link":"https://www.stonybrook.edu/commcms/registrar/calendars/academic_calendars"
            },
            {
                "month":"11",
                "day":"21",
                "year":"2018",
                "title":"TRAVEL DAY",
                "link":"https://www.stonybrook.edu/commcms/registrar/calendars/academic_calendars"
            },
            {
                "month":"11",
                "day":"22",
                "year":"2018",
                "title":"THANKSGIVING",
                "link":"https://www.stonybrook.edu/commcms/registrar/calendars/academic_calendars"
            },
            {
                "month":"11",
                "day":"23",
                "year":"2018",
                "title":"BLACK FRIDAY",
                "link":"https://www.stonybrook.edu/commcms/registrar/calendars/academic_calendars"
            },
            {
                "month":"12",
                "day":"11",
                "year":"2018",
                "title":"READING DAY",
                "link":"https://www.stonybrook.edu/commcms/registrar/calendars/academic_calendars"
            },
            {
                "month":"12",
                "day":"12",
                "year":"2018",
                "title":"",
                "link":""
            },
            {
                "month":"12",
                "day":"13",
                "year":"2018",
                "title":"",
                "link":""
            },
            {
                "month":"12",
                "day":"14",
                "year":"2018",
                "title":"",
                "link":""
            },
            {
                "month":"12",
                "day":"17",
                "year":"2018",
                "title":"",
                "link":""
            },
            {
                "month":"12",
                "day":"18",
                "year":"2018",
                "title":"",
                "link":""
            },
            {
                "month":"12",
                "day":"19",
                "year":"2018",
                "title":"",
                "link":""
            },
            {
                "month":"12",
                "day":"20",
                "year":"2018",
                "title":"",
                "link":""
            },
            {
                "month":"12",
                "day":"21",
                "year":"2018",
                "title":"",
                "link":""
            }
        ],
        "lectures":[
            {
                "month":"8",
                "day":"28",
                "year":"2018",
                "title":"Lecture 1",
                "topic":"Software<br />Development<br />Lifecycle<br /><br />",
                "link":"https://blackboard.stonybrook.edu/bbcswebdav/pid-4583144-dt-content-rid-31807868_1/xid-31807868_1"
            },
            {
                "month":"8",
                "day":"30",
                "year":"2018",
                "title":"Lecture 2",
                "topic":"Graphical<br />User<br />Interfaces<br /><br />",
                "link":"https://blackboard.stonybrook.edu/bbcswebdav/pid-4588421-dt-content-rid-31820795_1/xid-31820795_1"
            },
            {
                "month":"9",
                "day":"4",
                "year":"2018",
                "title":"Lecture 3",
                "topic":"Event<br />Programming<br /><br />",
                "link":"https://blackboard.stonybrook.edu/bbcswebdav/pid-4591754-dt-content-rid-31835006_1/xid-31835006_1"
            },
            {
                "month":"9",
                "day":"6",
                "year":"2018",
                "title":"Lecture 4",
                "topic":"Graphics<br />&amp; GUIs<br /><br />",
                "link":"https://blackboard.stonybrook.edu/bbcswebdav/pid-4595769-dt-content-rid-31868074_1/xid-31868074_1"
            },
            {
                "month":"9",
                "day":"11",
                "year":"2018",
                "title":"Lecture 5",
                "topic":"Threads<br /><br />",
                "link":"https://blackboard.stonybrook.edu/bbcswebdav/pid-4598618-dt-content-rid-31897815_1/xid-31897815_1"
            },
            {
                "month":"9",
                "day":"13",
                "year":"2018",
                "title":"Lecture 6",
                "topic":"Threads<br />(continued)<br /><br />",
                "link":"none"
            },
            {
                "month":"9",
                "day":"18",
                "year":"2018",
                "title":"Lecture 7",
                "topic":"Multithreading<br />Issues<br /><br /><br />",
                "link":"https://blackboard.stonybrook.edu/bbcswebdav/pid-4598619-dt-content-rid-31897816_1/xid-31897816_1"
            },
            {
                "month":"9",
                "day":"20",
                "year":"2018",
                "title":"Lecture 8",
                "topic":"Multithreading<br />(continued)<br /><br />",
                "link":"none"
            },
            {
                "month":"9",
                "day":"25",
                "year":"2018",
                "title":"Lecture 9",
                "topic":"Properties of<br />High Quality Software<br /><br />",
                "link":"https://blackboard.stonybrook.edu/bbcswebdav/pid-4611824-dt-content-rid-32139187_1/xid-32139187_1"
            },
            {
                "month":"9",
                "day":"27",
                "year":"2018",
                "title":"Lecture 10",
                "topic":"OOP++<br /><br />",
                "link":"https://blackboard.stonybrook.edu/bbcswebdav/pid-4612756-dt-content-rid-32163006_1/xid-32163006_1"
            },
            {
                "month":"10",
                "day":"2",
                "year":"2018",
                "title":"Lecture 11",
                "topic":"OOP++<br />(continued)<br /><br /><br />",
                "link":"none"
            },
            {
                "month":"10",
                "day":"4",
                "year":"2018",
                "title":"Lecture 13",
                "topic":"OOP++<br />(continued)<br /><br />",
                "link":"none"
            },
            {
                "month":"10",
                "day":"11",
                "year":"2018",
                "title":"Lecture 13",
                "topic":"Object-Oriented Design<br />using UML<br /><br />",
                "link":"https://blackboard.stonybrook.edu/bbcswebdav/pid-4618222-dt-content-rid-32348762_1/xid-32348762_1"
            },
            {
                "month":"10",
                "day":"16",
                "year":"2018",
                "title":"Midterm Exam",
                "topic":"(<a href='https://blackboard.stonybrook.edu/bbcswebdav/pid-4626381-dt-content-rid-32609249_1/xid-32609249_1'>Version 1 Solutions</a>)<br />(<a href='https://blackboard.stonybrook.edu/bbcswebdav/pid-4626381-dt-content-rid-32609250_1/xid-32609250_1'>Version 2 Solutions</a>)<br /><br />",
                "link":"none"
            },
            {
                "month":"10",
                "day":"18",
                "year":"2018",
                "title":"Lecture 15",
                "topic":"Object-Oriented Design<br />using UML<br />(continued)<br />",
                "link":"none"
            },
            {
                "month":"10",
                "day":"23",
                "year":"2018",
                "title":"Lecture 16",
                "topic":"Design Review<br /><br />",
                "link":"https://blackboard.stonybrook.edu/bbcswebdav/pid-4626374-dt-content-rid-32609229_1/xid-32609229_1"
            },
            {
                "month":"10",
                "day":"25",
                "year":"2018",
                "title":"Lecture 17",
                "topic":"Design Review<br />(continued)<br /><br />",
                "link":"none"
            },
            {
                "month":"10",
                "day":"30",
                "year":"2018",
                "title":"Lecture 18",
                "topic":"Designing<br />with Exceptions",
                "link":"https://blackboard.stonybrook.edu/bbcswebdav/pid-4626375-dt-content-rid-32609231_1/xid-32609231_1"
            },
            {
                "month":"11",
                "day":"1",
                "year":"2018",
                "title":"Lecture 19",
                "topic":"Test-Driven<br />Development<br /><br /><br />",
                "link":"https://blackboard.stonybrook.edu/bbcswebdav/pid-4626392-dt-content-rid-32609832_1/xid-32609832_1"
            },
            {
                "month":"11",
                "day":"6",
                "year":"2018",
                "title":"Lecture 20",
                "topic":"Test-Driven<br />Development<br />(continued)<br /><br />",
                "link":"none"
            },
            {
                "month":"11",
                "day":"8",
                "year":"2018",
                "title":"Lecture 21",
                "topic":"Creational<br />Design Patterns<br /><br />",
                "link":"https://blackboard.stonybrook.edu/bbcswebdav/pid-4635794-dt-content-rid-32927240_1/xid-32927240_1"
            },
            {
                "month":"11",
                "day":"13",
                "year":"2018",
                "title":"Lecture 22",
                "topic":"Structural<br />Design Patterns<br /><br /><br />",
                "link":"https://blackboard.stonybrook.edu/bbcswebdav/pid-4640179-dt-content-rid-33042980_1/xid-33042980_1"
            },
            {
                "month":"11",
                "day":"15",
                "year":"2018",
                "title":"Lecture 23",
                "topic":"Behavioral<br />Design Patterns<br /><br /><br />",
                "link":"https://blackboard.stonybrook.edu/bbcswebdav/pid-4640178-dt-content-rid-33042979_1/xid-33042979_1"
            },
            {
                "month":"11",
                "day":"20",
                "year":"2018",
                "title":"NO LECTURE",
                "topic":"(Project Work Day)<br /><br />",
                "link":"none"
            },
            {
                "month":"11",
                "day":"27",
                "year":"2018",
                "title":"Lecture 25",
                "topic":"Code Profiling<br /><br /><br />",
                "link":"https://blackboard.stonybrook.edu/bbcswebdav/pid-4640180-dt-content-rid-33042981_1/xid-33042981_1"
            },
            {
                "month":"11",
                "day":"29",
                "year":"2018",
                "title":"Lecture 26",
                "topic":"Optimization<br />Techniques<br /><br />",
                "link":"none"
            },
            {
                "month":"12",
                "day":"4",
                "year":"2018",
                "title":"Guest Lecture",
                "topic":"TBA<br /><br />",
                "link":"none"
            },
            {
                "month":"12",
                "day":"6",
                "year":"2018",
                "title":"Lecture 28",
                "topic":"Final<br />Review<br /><br />",
                "link":"none"
            },
            {
                "month":"12",
                "day":"20",
                "year":"2018",
                "title":"<a href='https://www.stonybrook.edu/commcms/registrar/registration/_exams/fall18-finals.php'>FINAL EXAM</a>",
                "topic":"(8:00am-10:45am)<br />(Cumulative)<br /><br />",
                "link":"none"
            }
        ],
        "references":[
            {
                "month":"8",
                "day":"30",
                "year":"2018",
                "title":"Reference",
                "topic":"JavaFX Examples",
                "link":"https://blackboard.stonybrook.edu/bbcswebdav/pid-4588427-dt-content-rid-31820796_1/xid-31820796_1"
            },
            {
                "month":"9",
                "day":"11",
                "year":"2018",
                "title":"Reference",
                "topic":"Progress Example",
                "link":"https://blackboard.stonybrook.edu/bbcswebdav/pid-4598620-dt-content-rid-31897817_1/xid-31897817_1"
            },
            {
                "month":"10",
                "day":"26",
                "year":"2018",
                "title":"Drop Deadline",
                "topic":"Last Day to Drop<br /> with a 'W'",
                "link":"https://www.stonybrook.edu/commcms/registrar/calendars/academic_calendars"
            },
            {
                "month":"10",
                "day":"15",
                "year":"2018",
                "title":"Midterm Review",
                "topic":"5pm, Old CS 2311<br /><br />",
                "link":"none"
            }
        ],
        "recitations":[
            {
                "month":"8",
                "day":"27",
                "year":"2018",
                "title":"NO RECITATION",
                "topic":"<br /><br />",
                "link":"none"
            },
            {
                "month":"8",
                "day":"29",
                "year":"2018",
                "title":"NO RECITATION",
                "topic":"<br /><br />",
                "link":"none"
            },
            {
                "month":"9",
                "day":"5",
                "year":"2018",
                "title":"Recitation 1",
                "topic":"Debugging<br /><br />",
                "link":"none"
            },
            {
                "month":"9",
                "day":"10",
                "year":"2018",
                "title":"Recitation 1",
                "topic":"Debugging<br /><br />",
                "link":"none"
            },
            {
                "month":"9",
                "day":"12",
                "year":"2018",
                "title":"Recitation 2",
                "topic":"Version Control<br /><br />",
                "link":"none"
            },
            {
                "month":"9",
                "day":"17",
                "year":"2018",
                "title":"Recitation 2",
                "topic":"Version Control<br /><br />",
                "link":"none"
            },
            {
                "month":"9",
                "day":"19",
                "year":"2018",
                "title":"Recitation 3",
                "topic":"Canvas<br /><br />",
                "link":"none"
            },
            {
                "month":"9",
                "day":"24",
                "year":"2018",
                "title":"Recitation 3",
                "topic":"Canvas<br /><br />",
                "link":"none"
            },
            {
                "month":"9",
                "day":"26",
                "year":"2018",
                "title":"Recitation 4",
                "topic":"Front-End<br />Web Technologies<br /><br /><br />",
                "link":"none"
            },
            {
                "month":"10",
                "day":"1",
                "year":"2018",
                "title":"Recitation 4",
                "topic":"Front-End<br />Web Technologies<br /><br /><br />",
                "link":"none"
            },
            {
                "month":"10",
                "day":"3",
                "year":"2018",
                "title":"Recitation 5",
                "topic":"Threads<br /><br /><br />",
                "link":"none"
            },
            {
                "month":"10",
                "day":"10",
                "year":"2018",
                "title":"NO RECITATION",
                "topic":"<br />",
                "link":"none"
            },
            {
                "month":"10",
                "day":"15",
                "year":"2018",
                "title":"Recitation 5",
                "topic":"Threads<br /><br />",
                "link":"none"
            },
            {
                "month":"10",
                "day":"17",
                "year":"2018",
                "title":"Recitation 6",
                "topic":"UML<br />Diagrams<br /><br />",
                "link":"none"
            },
            {
                "month":"10",
                "day":"22",
                "year":"2018",
                "title":"Recitation 6",
                "topic":"UML<br />Diagrams<br /><br />",
                "link":"none"
            },
            {
                "month":"10",
                "day":"24",
                "year":"2018",
                "title":"NO RECITATION",
                "topic":"<br /><br />",
                "link":"none"
            },
            {
                "month":"10",
                "day":"29",
                "year":"2018",
                "title":"Recitation 7",
                "topic":"Mock-Ups<br /><br />",
                "link":"none"
            },
            {
                "month":"10",
                "day":"31",
                "year":"2018",
                "title":"Recitation 7",
                "topic":"Mock-Ups<br /><br />",
                "link":"none"
            },
            {
                "month":"11",
                "day":"5",
                "year":"2018",
                "title":"Recitation 8",
                "topic":"Unit Testing<br /><br />",
                "link":"none"
            },
            {
                "month":"11",
                "day":"7",
                "year":"2018",
                "title":"Recitation 8",
                "topic":"Unit Testing<br /><br />",
                "link":"none"
            },
            {
                "month":"11",
                "day":"12",
                "year":"2018",
                "title":"Recitation 9",
                "topic":"Making Frameworks<br /><br />",
                "link":"none"
            },
            {
                "month":"11",
                "day":"14",
                "year":"2018",
                "title":"Recitation 9",
                "topic":"Making Frameworks<br /><br />",
                "link":"none"
            },
            {
                "month":"11",
                "day":"19",
                "year":"2018",
                "title":"NO RECITATION",
                "topic":"<br /><br />",
                "link":"none"
            },
            {
                "month":"11",
                "day":"26",
                "year":"2018",
                "title":"Recitation 10",
                "topic":"Code Profiling<br /><br />",
                "link":"none"
            },
            {
                "month":"11",
                "day":"28",
                "year":"2018",
                "title":"Recitation 10",
                "topic":"Code Profiling<br /><br />",
                "link":"none"
            },
            {
                "month":"12",
                "day":"3",
                "year":"2018",
                "title":"NO RECITATION",
                "topic":"<br /><br />",
                "link":"none"
            },
            {
                "month":"12",
                "day":"5",
                "year":"2018",
                "title":"NO RECITATION",
                "topic":"<br /><br />",
                "link":"none"
            },
            {
                "month":"12",
                "day":"10",
                "year":"2018",
                "title":"NO RECITATION",
                "topic":"<br /><br />",
                "link":"none"
            }
        ],
        "hws":[
            {
                "month":"9",
                "day":"21",
                "year":"2018",
                "title":"<a href='./hw/HW1.html'>HW 1</a><br />(<a href='https://blackboard.stonybrook.edu/bbcswebdav/pid-4611779-dt-content-rid-32136873_1/xid-32136873_1'>Solutions</a>)",
                "topic":"due @ 11:59pm<br />(GUIs &amp; Events)",
                "link":"./hw/HW1.html",
                "time":"",
                "criteria":"none"
            },
            {
                "month":"10",
                "day":"10",
                "year":"2018",
                "title":"<a href='./hw/HW2.html'>HW 2</a><br />(<a href='https://blackboard.stonybrook.edu/bbcswebdav/pid-4630510-dt-content-rid-32757913_1/xid-32757913_1'>Solutions</a>)",
                "topic":"due @ 11:59pm<br />(GUIs &amp; Events)",
                "link":"none",
                "time":"",
                "criteria":"none"
            },
            {
                "month":"10",
                "day":"26",
                "year":"2018",
                "title":"HW 3",
                "topic":"due @ 11:59pm<br />(UML Design)",
                "link":"./hw/HW3.html",
                "time":"",
                "criteria":"none"
            },
            {
                "month":"11",
                "day":"7",
                "year":"2018",
                "title":"HW 4",
                "topic":"due @ 11:59pm<br />Implementation<br />Benchmark I",
                "link":"./hw/HW4.html",
                "time":"",
                "criteria":"none"
            },
            {
                "month":"11",
                "day":"20",
                "year":"2018",
                "title":"HW 5",
                "topic":"due @ 11:59pm<br />Implementation<br />Benchmark II",
                "link":"./hw/HW5.html",
                "time":"",
                "criteria":"none"
            },
            {
                "month":"12",
                "day":"10",
                "year":"2018",
                "title":"Final Project",
                "topic":"due @ 11:59pm<br />(JavaFX App)",
                "link":"none",
                "time":"",
                "criteria":"none"
            }
        ],
        "labs":[
        ]
    }
}