<?xml version="1.0" encoding="UTF-8"?>
<project-private xmlns="http://www.netbeans.org/ns/project-private/1">
    <editor-bookmarks xmlns="http://www.netbeans.org/ns/editor-bookmarks/2" lastBookmarkId="0"/>
    <open-files xmlns="http://www.netbeans.org/ns/projectui-open-files/2">
        <group>
            <file>file:/Users/zhengyu/Documents/CouseSiteGenerator/apps/CourseSiteGenerator/work/Untitled1.json</file>
            <file>file:/Users/zhengyu/Documents/CouseSiteGenerator/apps/CourseSiteGenerator/src/csg/data/TimeSlot.java</file>
            <file>file:/Users/zhengyu/Documents/CouseSiteGenerator/apps/CourseSiteGenerator/app_data/properties/number.txt</file>
            <file>file:/Users/zhengyu/Documents/CouseSiteGenerator/apps/CourseSiteGenerator/app_data/properties/language_properties_CN.xml</file>
            <file>file:/Users/zhengyu/Documents/CouseSiteGenerator/apps/CourseSiteGenerator/src/csg/data/CourseSiteData.java</file>
            <file>file:/Users/zhengyu/Documents/CouseSiteGenerator/apps/CourseSiteGenerator/app_data/properties/app_properties.xml</file>
            <file>file:/Users/zhengyu/Documents/CouseSiteGenerator/apps/CourseSiteGenerator/work/Untitled.json</file>
            <file>file:/Users/zhengyu/Documents/CouseSiteGenerator/apps/CourseSiteGenerator/src/csg/workspace/foolproof/CourseSiteFoolproofDesign.java</file>
            <file>file:/Users/zhengyu/Documents/CouseSiteGenerator/apps/CourseSiteGenerator/export/CSE_219_Fall_2018/public_html/js/ScheduleData.json</file>
            <file>file:/Users/zhengyu/Documents/CouseSiteGenerator/apps/CourseSiteGenerator/src/csg/CourseSitePropertyType.java</file>
            <file>file:/Users/zhengyu/Documents/CouseSiteGenerator/apps/CourseSiteGenerator/export/CSE_219_Fall_2018/public_html/js/PageData.json</file>
            <file>file:/Users/zhengyu/Documents/CouseSiteGenerator/apps/CourseSiteGenerator/src/csg/workspace/controllers/CourseSiteController.java</file>
            <file>file:/Users/zhengyu/Documents/CouseSiteGenerator/apps/CourseSiteGenerator/app_data/properties/subject.txt</file>
            <file>file:/Users/zhengyu/Documents/CouseSiteGenerator/apps/CourseSiteGenerator/src/csg/workspace/CourseSiteWorkspace.java</file>
            <file>file:/Users/zhengyu/Documents/CouseSiteGenerator/apps/CourseSiteGenerator/src/csg/transactions/ChangeOHTable_Transaction.java</file>
            <file>file:/Users/zhengyu/Documents/CouseSiteGenerator/apps/CourseSiteGenerator/export/CSE_219_Fall_2018/public_html/js/OfficeHoursData.json</file>
            <file>file:/Users/zhengyu/Documents/CouseSiteGenerator/apps/CourseSiteGenerator/src/csg/data/Lab.java</file>
            <file>file:/Users/zhengyu/Documents/CouseSiteGenerator/apps/CourseSiteGenerator/src/csg/transactions/ChangeComboBox_Transaction.java</file>
            <file>file:/Users/zhengyu/Documents/CouseSiteGenerator/apps/CourseSiteGenerator/app_data/properties/language_properties_EN.xml</file>
            <file>file:/Users/zhengyu/Documents/CouseSiteGenerator/apps/CourseSiteGenerator/export/CSE_219_Fall_2018/public_html/js/SectionsData.json</file>
            <file>file:/Users/zhengyu/Documents/CouseSiteGenerator/apps/CourseSiteGenerator/src/csg/files/CourseSiteFiles.java</file>
        </group>
    </open-files>
</project-private>
