
{
    "lectures":[
        {
            "section":"L01",
            "days":"Tuesdays &amp; Thursdays",
            "time":"10:00am-11:20pm",
            "room":"Humanities 1006"
        }
    ],
    "labs":[
    ],
    "recitations":[
        {
            "section":"<strong>R06</strong> (McKenna)",
            "day_time":"Mondays, 10:00am-10:53am",
            "location":"New CS 115",
            "ta_1":"Lei Song",
            "ta_2":"Qihong Jiang"
        },
        {
            "section":"<strong>R07</strong> (McKenna)",
            "day_time":"Wednesdays, 10:00am-10:53am",
            "location":"New CS 115",
            "ta_1":"Mankirat Gulati",
            "ta_2":"Sammi Wu Leung"
        },
        {
            "section":"<strong>R08</strong> (McKenna)",
            "day_time":"Wednesdays, 2:30pm-3:23pm",
            "location":"New CS 115",
            "ta_1":"Sammi Wu Leung",
            "ta_2":"Qihong Jiang"
        }
    ]
}